<soap:Envelope xmlns:soap="http://schemas.xmlsoap.org/soap/envelope/">
	<soap:Body>
		<ns2:changeEmployeeDetail xmlns:ns2="http://service.employee.cxf.com/">
			<arg0>
				<designation>A</designation>
				<empId>378235</empId>
				<name>Ananth</name>
			</arg0>
		</ns2:changeEmployeeDetail>
	</soap:Body>
</soap:Envelope>


<soap:Envelope xmlns:soap="http://schemas.xmlsoap.org/soap/envelope/">
	<soap:Body>
		<ns2:changeEmployeeDetailResponse
			xmlns:ns2="http://service.employee.cxf.com/">
			<return>
				<designation>A</designation>
				<empId>378235</empId>
				<name>Hello Ananth</name>
			</return>
		</ns2:changeEmployeeDetailResponse>
	</soap:Body>
</soap:Envelope>