<?xml version="1.0" encoding="UTF-8"?>
<beans xmlns="http://www.springframework.org/schema/beans"
	xmlns:batch="http://www.springframework.org/schema/batch"
	xmlns:context="http://www.springframework.org/schema/context"
	xmlns:task="http://www.springframework.org/schema/task" 
	xmlns:xsi="http://www.w3.org/2001/XMLSchema-instance"
	xsi:schemaLocation="http://www.springframework.org/schema/batch
	http://www.springframework.org/schema/batch/spring-batch-2.2.xsd
	http://www.springframework.org/schema/beans 
	http://www.springframework.org/schema/beans/spring-beans-3.2.xsd
	http://www.springframework.org/schema/context
	http://www.springframework.org/schema/context/spring-context-3.2.xsd
	http://www.springframework.org/schema/task
        http://www.springframework.org/schema/task/spring-task-3.2.xsd
	">



	<bean id="employeeReader" class="org.springframework.batch.item.file.FlatFileItemReader">

		<property name="resource" value="classpath:employee.txt" />
		<property name="linesToSkip" value="1" />

		<property name="lineMapper">
			<bean class="org.springframework.batch.item.file.mapping.DefaultLineMapper">
				
				<property name="fieldSetMapper">
					<!-- Mapper which maps each individual items in a record to properties in POJO -->
					<bean class="com.spring.batch.reader.EmployeeFieldMapper" />
				</property>
				
				<property name="lineTokenizer">
					<bean
						class="org.springframework.batch.item.file.transform.DelimitedLineTokenizer">
						<property name="delimiter" value="|" />
					</bean>
				</property>
			</bean>
		</property>
	</bean>

	<bean id="employeeExcelWriter" class="com.spring.batch.writer.EmployeeItemWriter" />
	
	<!-- XML ItemWriter which writes the data in XML format -->
	<bean id="xmlItemWriter" class="org.springframework.batch.item.xml.StaxEventItemWriter">

		<property name="resource" value="file:xml/EmployeeResult.xml" />

		<property name="rootTagName" value="Employees" />

		<property name="marshaller">

			<bean class="org.springframework.oxm.jaxb.Jaxb2Marshaller">
				<property name="classesToBeBound">
					<list>
						<value>com.spring.batch.model.Employee</value>
					</list>
				</property>
			</bean>

		</property>
	</bean>

	<!-- Actual Job -->
	<batch:job id="employeeJob">
		<batch:step id="step1" next="step2">
			<batch:tasklet transaction-manager="transactionManager">
				<batch:chunk reader="employeeReader"  writer="employeeExcelWriter"
					commit-interval="10" />
			</batch:tasklet>
		</batch:step>
		
		<batch:step id="step2">
			<batch:tasklet transaction-manager="transactionManager">
				<batch:chunk reader="employeeReader" writer="xmlItemWriter"
					commit-interval="10" />
			</batch:tasklet>
		</batch:step>
	</batch:job>


	<!-- Step will need a transaction manager -->
	<bean id="transactionManager"
		class="org.springframework.batch.support.transaction.ResourcelessTransactionManager" />

	<!-- JobRepository and JobLauncher are configuration/setup classes -->
	<bean id="jobRepository"
		class="org.springframework.batch.core.repository.support.MapJobRepositoryFactoryBean" />

	<bean id="jobLauncher"
		class="org.springframework.batch.core.launch.support.SimpleJobLauncher">
		<property name="jobRepository" ref="jobRepository" />
	</bean>
	
	<bean id = "employeeSchedular" class="com.spring.batch.scheduler.EmployeeScheduler" autowire="byName">
		<property name="employeeJob" ref="employeeJob"/>
		<property name="jobLauncher" ref="jobLauncher"/>
	</bean>
	
	<!-- -Task Scheduler  -->
	<!-- <task:scheduled-tasks>
	
		<task:scheduled ref="employeeSchedular" method="run" cron="*/5 * * * * *" />
	</task:scheduled-tasks> -->
	
	

</beans>