<?xml version="1.0" encoding="UTF-8"?>
<beans xmlns="http://www.springframework.org/schema/beans"
xmlns:xsi="http://www.w3.org/2001/XMLSchema-instance"
xmlns:context="http://www.springframework.org/schema/context"
xmlns:mvc="http://www.springframework.org/schema/mvc"
xsi:schemaLocation="http://www.springframework.org/schema/beans    
	http://www.springframework.org/schema/beans/spring-beans-3.2.xsd 
	http://www.springframework.org/schema/context  
	http://www.springframework.org/schema/context/spring-context-3.2.xsd 
	http://www.springframework.org/schema/mvc
	http://www.springframework.org/schema/mvc/spring-mvc-3.2.xsd">
	
	<context:annotation-config />
	<context:component-scan base-package="com.employee"/>

	<mvc:annotation-driven />
	<mvc:resources  mapping="/resources/**" location="/resources/" />

	<import resource="classpath:conf/employee/employeeCtx.xml"/>
	<bean id="viewResolver" class="org.springframework.web.servlet.view.UrlBasedViewResolver">
   		<property name="viewClass" value="org.springframework.web.servlet.view.tiles2.TilesView"/>
 	</bean> 
	
	<!-- <bean id="employeeDB" class="com.employee.excel.EmployeeDB"/> -->
	<bean id="tilesConfigurer" class="org.springframework.web.servlet.view.tiles2.TilesConfigurer">
		<property name="definitions">
			<list>
				<value>/WEB-INF/layouts/layouts.xml</value>
				<value>/WEB-INF/layouts/views.xml</value>
			</list>
		</property>
	</bean>
	
	<!-- Configure to plugin JSON as request and response in method handler -->
    <!-- <bean class="org.springframework.web.servlet.mvc.method.annotation.RequestMappingHandlerAdapter">
        <property name="messageConverters">
            <list>
                <ref bean="jsonMessageConverter"/>
            </list>
        </property>
    </bean> -->
     
    <!-- Configure bean to convert JSON to POJO and vice versa -->
    <!-- <bean id="jsonMessageConverter" class="org.springframework.http.converter.json.MappingJackson2HttpMessageConverter">
    </bean> --> 

</beans>
