<beans xmlns="http://www.springframework.org/schema/beans"
	xmlns:cxf="http://cxf.apache.org/core" xmlns:xsi="http://www.w3.org/2001/XMLSchema-instance"
	xmlns:jaxws="http://cxf.apache.org/jaxws"
	xsi:schemaLocation="http://cxf.apache.org/core http://cxf.apache.org/schemas/core.xsd  
http://www.springframework.org/schema/beans http://www.springframework.org/schema/beans/spring-beans.xsd
http://cxf.apache.org/jaxws http://cxf.apache.org/schemas/jaxws.xsd">

	
	<import resource="classpath:META-INF/cxf/cxf.xml" />
	
	<import resource="classpath:META-INF/cxf/cxf-extension-jaxws.xml" />   

    <import resource="classpath:META-INF/cxf/cxf-servlet.xml" />
	
	 <cxf:bus>
		<cxf:inInterceptors>
			<ref bean="ServiceRequestInterceptor" />
		</cxf:inInterceptors>
	</cxf:bus>
	<bean class="com.cxf.employee.service.ServiceResponseInterceptor" id="ServiceRequestInterceptor" /> 
	
    <jaxws:endpoint id="changeEmployee"
        implementor="com.cxf.employee.service.CXFEmployeeServiceImpl" address="/changeEmployee" />
        
        
	

</beans>