<soap:Envelope xmlns:soap="http://schemas.xmlsoap.org/soap/envelope/">
	<soap:Body>
		<ns2:getAllEmployeesResponse xmlns:ns2="http://cxf.employee.com/">
			<return>
				<designation>Associate - Projetcs</designation>
				<employeeId>378235.0</employeeId>
				<employeeName>Ananth.S</employeeName>
			</return>
			<return>
				<designation>Associate - Projetcs</designation>
				<employeeId>123456.0</employeeId>
				<employeeName>Suresh</employeeName>
			</return>
		</ns2:getAllEmployeesResponse>
	</soap:Body>
</soap:Envelope>